complex,affinity
2tpi,2.1
4tln,2.3
1rnt,1.9
4ts1,2.5
4tmn,1.7
2tmn,1.6
1tlp,2.3
1tmn,1.9
5tmn,1.6
1rbp,2
1fkf,1.7
4er1,2
5er2,1.8
4er2,2
2ypi,2.5
6cpa,2
4sga,1.8
5er1,2
4tim,2.4
1igj,2.5
1fkb,1.7
1l83,1.7
1atr,2.34
6rnt,1.8
3gst,1.9
1cps,2.25
2gst,1.8
1ppm,1.7
1hos,2.3
1ppl,1.7
1bcd,1.9
1ivp,2.5
1trd,2.5
1hsl,1.89
1lst,1.8
1tys,1.8
1adl,1.6
1mfd,2.1
2cgr,2.2
1srg,1.8
1erb,1.9
1tni,1.9
2ctc,1.4
1add,2.4
1elc,1.75
1wht,2
2sim,1.6
1tnh,1.8
1ela,2
1cbx,2
1ppc,1.8
1hps,2.3
1azm,2
1tng,1.8
1pph,1.9
1fki,2.2
1fkg,2
1hvl,1.8
1epo,2
1hvk,1.8
1hvi,1.8
1sbg,2.3
1apv,1.8
1ppk,1.8
2cht,2.2
1aaq,2.5
1hvj,2
1elb,2.1
8cpa,2
1fkh,1.95
1siv,2.5
1drj,2.5
2dri,1.6
1drk,2
1flr,1.85
1hmr,1.4
1hms,1.4
1hmt,1.4
1cny,2.3
1laf,2.06
186l,1.8
1cnw,2
184l,1.8
1yda,2.1
185l,1.8
1pgp,2.5
1lah,2.06
187l,1.8
1cnx,1.9
188l,1.8
1ydb,1.9
1lag,2.06
1ydd,2.1
2gyi,1.6
1cgl,2.4
1ele,2
1fpc,2.3
1eld,2
1lcp,1.65
1pdz,2.2
1hvr,1.8
1atl,1.8
1tpw,1.9
1hpv,1.9
1ctu,2.3
1gar,1.96
1bty,1.5
1fiv,2
1bma,1.8
1ctt,2.2
1hbv,2.3
1hvs,2.25
1hii,2.3
1lan,1.9
1ppi,2.2
1hih,2.2
1nja,2.5
1gaf,1.95
1tsy,2.2
1dar,2.4
1lkk,1
1lkl,1.8
1nje,2.3
1str,1.8
1ceb,2.07
1njd,2.2
1njc,2.5
1mai,1.9
1sld,2.5
2olb,1.4
1pot,1.8
1det,1.8
1kel,1.9
1mmq,1.9
1grp,2.5
1sln,2.27
1hsh,1.9
1igb,2.3
1jao,2.4
1gai,1.7
1tcx,2.3
1dud,2.3
1gno,2.3
1gnn,2.3
1dif,1.7
1jaq,2.4
2csn,2.5
1mtr,1.75
1hpx,2
1gnm,2.3
1pro,1.8
1rnm,2
1tcw,2.4
1fkw,2.4
1avn,2
1drv,2.2
1okl,2.1
1jev,1.3
1aj7,2.1
1jeu,1.25
1ado,1.9
2h4n,1.9
2mas,2.3
1jet,1.2
1uvt,2.5
1qbt,2.1
1qbr,1.8
1ajq,2.05
1qbu,1.8
1hxb,2.3
1ai5,2.36
1dmp,2
1qbs,1.8
1hpo,2.5
1yds,2.2
3gss,1.9
2gss,1.9
1ajx,2
2rkm,1.8
3aid,2.5
1aid,2.2
1ajv,2
1ajn,2.36
1vfn,2.15
1ydr,2.2
1ai4,2.35
7upj,2
6upj,2.34
1ydt,2.3
1ajp,2.31
1amk,1.83
1tom,1.8
5upj,2.3
2jxr,2.4
1b7h,2
1b6h,1.8
1a4k,2.4
3pcj,2.13
1b1h,1.8
1b0h,1.9
1b38,2
3pck,2.13
1bcu,2
1wdn,1.94
1b3h,2
1a9q,2
1ax0,1.9
1jmg,2.2
1b5h,1.9
1yet,1.9
1jmf,2.5
1b3l,2
1b3f,1.8
1a1e,2.2
2izl,1.48
1b3g,2
4tmk,1.98
3pcn,2.4
1amw,1.85
1b2h,1.9
1a99,2.2
1b4h,1.9
1bm7,2
5tmp,1.98
1bhf,1.8
1swg,1.8
4rsk,2.1
1b05,2
1b32,1.75
1usn,1.8
2qwe,2
1bv7,2
1xug,1.5
1bxo,0.95
1bv9,2
1bhx,2.3
2usn,2.2
1moq,1.57
1alw,2.03
1bdq,2.5
1met,1.9
10gs,2.2
1br6,2.3
2wed,1.5
3pcf,2.15
1a4w,1.8
3pce,2.06
2wec,1.5
1a9m,2.3
1hvh,1.8
2qwd,2
1hxw,1.8
1bju,1.8
2qwb,2
2qwf,1.9
1bwa,1.9
1bjv,1.8
1mes,1.9
1afk,1.7
3jdw,2.4
2qwc,1.6
1hfs,1.7
1ohr,2.1
1a8i,1.78
1bwb,1.8
1bxq,1.41
1a28,1.8
1a30,2
1afl,1.7
3pcg,1.96
1a69,2.1
1bq4,2.5
2web,1.5
1stc,2.3
1jfh,2.03
1bnn,2.3
1swr,1.9
1bnt,2.15
1bnu,2.15
1a4r,2.5
1bnq,2.4
1rpj,1.8
1ct8,2.2
1bn1,2.1
1bn4,2.1
1d4p,2.07
1bnw,2.25
2ans,2.5
1ork,2.4
1bnv,2.4
1b9j,1.8
1qka,1.8
3tmk,2
1d2e,1.94
1bgq,2.5
3kiv,1.8
1d7i,1.9
1b58,1.8
2pcp,2.2
1yei,1.9
1yej,1.85
1b5j,1.8
1bzy,2
1b55,2.4
1b51,1.8
1qkb,1.8
1d7j,1.85
1b46,1.8
1b40,2.2
1b4z,1.75
1qk3,1.65
1qaw,2.5
1b52,2.3
1b5i,1.9
1d4y,1.97
2std,2.1
456c,2.4
1ch8,2.5
1oth,1.85
1dfo,2.4
1bxr,2.1
1pme,2
5yas,2.2
1cet,2.05
2bza,1.9
1qin,2
1qf2,2.06
1bzc,2.35
1xka,2.3
1a94,2
1b8y,2
7std,1.8
6std,1.8
1mfi,1.8
1bai,2.4
2bpv,1.9
1c3x,2.4
1bzj,2.25
966c,1.9
1b8o,1.5
1upf,2.3
1c3e,2.1
1qhc,1.7
2fmb,1.8
1b8n,2
5std,1.95
1ciz,1.64
2bpy,1.9
1hwr,1.8
1qbv,1.8
1qf0,2.2
4std,2.15
1qf1,2
1qbq,2.4
3std,1.65
1fao,1.8
1fl3,2.45
1df8,1.51
1g52,1.8
1dl7,2.35
1g1d,2.04
1fcz,1.38
1d3d,2.04
1dzk,1.48
1g53,1.94
1qkt,2.2
1g54,1.86
1g46,1.84
1duv,1.7
1qft,1.25
1ql7,2.1
1c5c,1.61
1elr,1.9
1g4j,1.84
1g45,1.83
1f4x,2.3
1fo0,2.5
1ftm,1.7
1fzq,1.7
1e4h,1.8
1g48,1.86
1fcy,1.3
1bp0,2.4
1d3p,2.1
1g4o,1.96
1fcx,1.47
1d6v,2
1fch,2.2
1c1u,1.75
1b57,2
1c1r,1.37
1c1v,1.98
1c4u,2.1
1c70,2.5
1fjs,1.92
1fh8,1.95
1fhd,1.9
1c5x,1.75
1f3e,1.85
1fh9,1.72
1c5q,1.43
1e6s,1.35
1d4k,1.85
1d9i,2.3
1f74,1.6
1ezq,2.2
1eoc,2.25
1c5s,1.36
1f4e,1.9
1fkn,1.9
1d4l,1.75
1b6k,1.85
1f0t,1.8
1dqn,1.75
1e2k,1.7
1d6w,2
1b6j,1.85
1qbn,1.8
1c83,1.8
1ecv,1.95
1qji,2.14
1qb1,1.8
1f0s,2.1
1qbo,1.8
1f57,1.75
1ejn,1.8
1c5n,1.5
1c86,2.3
1c5p,1.43
1f0r,2.1
1f4f,2
1d09,2.1
1c5o,1.9
1f4g,1.75
1qan,2.4
1qb9,1.8
1fq5,2.4
1f73,1.95
1ql9,2.3
1dy4,1.9
1c88,1.8
1fh7,1.82
1e2l,2.4
1b6l,1.75
1ft7,2.2
1c5y,1.65
1c87,2.1
1f0u,1.9
1gfy,2.13
1enu,1.95
1dgm,1.8
1c5t,1.37
1qb6,1.8
8a3h,0.97
1c84,2.35
1c5z,1.85
1ie9,1.4
1hn4,1.5
1i80,2
1ex8,1.85
1g7v,2.4
1i7z,2.3
1e3g,2.4
1k1l,2.5
1fzo,1.8
1k1n,2
1i9n,1.86
1fzm,1.8
1if8,1.94
1ii5,1.6
1k1i,2.2
1k1j,2.2
1jgl,2.15
1i9l,1.93
1i9m,1.84
1i9o,1.86
1i9p,1.92
1i9q,1.8
1if7,1.98
1ikt,1.75
1k1m,2.2
1e3v,2
1fzk,1.7
1h6h,1.7
1fzj,1.9
1i1e,2.5
1j4r,1.8
1f8c,1.7
1g7g,2.2
1jzs,2.5
1i37,2
1k9s,2
1i00,2.5
1hnn,2.4
1e6q,1.35
1iih,2.2
1e1x,1.85
1hdq,2.3
1e5j,1.85
1hlk,2.5
1g2k,1.95
1e1v,1.95
1g30,2
1f8e,1.4
1f5k,1.8
1fm9,2.1
1jak,1.75
1g3d,1.8
1hp5,2.1
1g2o,1.75
1g98,1.9
1g9r,2
1jsv,1.96
1g7f,1.8
1hi4,1.8
1f8b,1.8
1g3e,1.8
1hee,1.75
1f8d,1.4
1f5l,2.1
1g2l,1.9
1hi3,1.8
1k1o,2
1g36,1.9
1efy,2.2
1g35,1.8
1gcz,1.9
1g32,1.9
1hyo,1.3
1hi5,1.8
1m7y,1.6
1lbf,2.05
1n4k,2.2
1lrh,1.9
1li6,2
1gx8,2.4
1m83,2.2
1lgt,1.7
1kdk,1.7
1kv1,2.5
1kzn,2.3
1kyv,2.4
1lhu,1.8
1lgw,1.85
1k6v,2
1h2t,2.15
1k6t,2.25
1jyq,2
1g85,1.8
1h0a,1.7
1k6c,2.2
1k6p,2.2
1fd0,1.38
1li3,1.85
1lbk,1.86
1m48,1.95
1g7q,1.6
1ez9,1.9
1kmy,2
1li2,2
1ghy,1.85
1gj7,1.5
1izh,1.9
1gi4,1.37
1d4h,1.81
1ec2,2
1gj6,1.5
1gj8,1.64
1kuk,1.45
1kug,1.37
1kui,1.5
1eby,2.29
1izi,2.15
1gz4,2.2
1loq,1.5
1koj,1.9
1gpn,2.35
1j01,2
1m4h,2.1
1ebz,2.01
1lol,1.9
1gjc,1.73
1ksn,2.1
1ew9,2
1l8g,2.5
1h22,2.15
1ebw,1.81
1ec3,1.8
1jq8,2
1fv0,1.7
1ec1,2.1
1h2k,2.15
1d4i,1.81
1k4g,1.7
1kpm,1.8
1kav,2.35
1gvw,1
1h5v,1.1
1km3,1.5
1jqy,2.14
1j16,1.6
1ghz,1.39
1lee,1.9
1h4w,1.7
1m1b,2.25
1gyy,1.35
1n1m,2.5
1ec0,1.79
1gyx,1.35
1gi1,1.42
1gja,1.56
1jys,1.9
1lf2,1.8
1gu1,1.8
1gi7,1.79
1j14,2.4
1iiq,1.83
1kc7,2.2
1k21,1.86
1gpk,2.1
1d4j,1.81
1h23,2.15
1m0o,2.4
1kzk,1.09
1ghv,1.85
1i2s,1.7
1k22,1.93
1ew8,2.2
1j17,2
1m0n,2.2
1gjd,1.75
1gvx,1
1kv5,1.65
1ghw,1.75
1h1s,2
1jcx,1.8
1k4h,1.8
1jvu,1.78
1eb2,2
1nf8,1.6
1o7o,1.97
1q72,1.7
1qyg,1.81
1p1n,1.6
1usi,1.8
1g74,1.7
1usk,2
1m7d,2.3
1mh5,2.1
1msn,2
1ogd,1.95
1n8v,1.39
1q8u,1.9
1ugx,1.6
1ogz,2.3
1p1o,1.6
1mjj,2.1
1r0p,1.8
1p1q,2
1q8t,2
1oif,2.12
1lnm,1.9
1gwv,2.5
1oz0,2.5
1nli,1.93
1oba,2.45
1lke,1.9
1msm,2
1n0s,2
1oe8,1.65
1m7i,2.5
1lvu,2.05
1hk4,2.4
1pz5,1.8
1q8w,2.2
1m5w,1.96
1mrx,2
1ucn,2
1nw5,2.05
1l6m,2.4
1nw7,2.1
1odj,2.4
1onz,2.4
1o3f,1.55
1o2q,1.5
1lyx,1.9
1n46,2.2
1oyt,1.67
1o3i,1.51
1o2h,1.77
1o3d,1.33
1nz7,2.4
1nm6,1.8
1o2j,1.65
1pvn,2
1o38,1.38
1nq7,1.5
1o30,1.55
1o3j,1.4
1ony,2.15
1o3p,1.81
1o86,2
1n4h,2.1
1o3l,1.4
1m2r,1.7
1o2o,1.63
1pbq,1.9
1iy7,2
1k1y,2.4
1nc1,2
1m2p,2
1o2z,1.65
1m2q,1.79
1o2n,1.5
1nhz,2.3
1os0,2.1
1k27,1.95
1j37,2.4
1nfw,2.1
1nl9,2.4
1o36,1.7
1o0h,1.2
1n3i,1.9
1nfy,2.1
1nt1,2
1o2w,1.38
1q54,1.93
1o33,1.46
1nu3,1.75
1my4,1.9
1nc3,2.2
1o35,1.41
1jn4,1.8
1oyq,1.9
1mrs,2
1ndv,2.3
1pr5,2.5
1n51,2.3
1njs,1.98
1nvs,1.8
1oss,1.93
1j36,2.4
1nfu,2.05
1mq5,2.1
1n5r,2.25
1nhu,2
1nny,2.4
1pb9,1.6
1lpz,2.4
1pa9,2
1h46,1.52
1np0,2.5
1lpk,2.2
1i5r,1.6
1nfx,2.15
1pyn,2.2
1mrn,2.45
1no6,2.4
1nwl,2.4
1lzq,2.2
1owh,1.61
1o1s,2.3
1ps3,1.8
1nvq,2
1ndw,2
1o0f,1.5
1h1d,2
1o2r,1.45
1ocq,1.08
1n3z,1.65
1owe,1.6
1ndy,2
1pb8,1.45
1o0m,1.5
1ndz,2
1nvr,1.8
1m2x,1.5
1mq6,2.1
1lpg,2
1o0n,1.5
1ui0,1.5
1od8,1.05
1qxk,2.3
1sr7,1.46
1toi,1.9
1utj,1.83
1os5,2.2
1s19,2.1
1utn,1.15
1qy1,1.7
1toj,1.9
1xow,1.8
1tq4,1.95
1tog,2.31
1uho,2.5
1w9u,1.85
1t7d,2.47
1utm,1.5
1u1w,1.35
1qy2,1.75
1rmz,1.34
1vyg,2.4
1xws,1.8
1sbr,2.3
1uz8,1.8
1rd4,2.4
1pfu,1.91
1q1g,2.02
1oau,1.8
1szd,1.5
1xap,2.1
1utl,1.7
1tok,1.85
1oar,2.22
1r6n,2.4
1td7,2.5
1uw6,2.2
1ttm,1.95
1sv3,1.35
1w3j,2
1r9l,1.59
1uto,1.15
2bfr,2.5
1sw1,1.9
1oxr,1.93
1sw2,2.1
1pzi,1.99
1q7a,1.6
1uv6,2.5
1p19,2.3
1nw4,2.2
1r4w,2.5
1vyf,1.85
1rp7,2.09
1v0l,0.98
1sqo,1.84
1ua4,1.9
1xd0,2
1pxn,2.5
1sb1,1.9
1pkx,1.9
1om1,1.68
1nh0,1.03
1wc1,1.93
1pxp,2.3
1xjd,2
1r5y,1.2
1o5a,1.68
1w3l,1.04
1phw,2.36
1wm1,2.1
1sqa,2
1sqt,1.9
1v2k,2
1ta6,1.9
1u0g,1.7
1uj5,2
1uj6,1.74
1xbo,2.5
1s63,1.9
1uwu,1.95
1uwt,1.95
1mu8,2
1v2n,1.8
1r1h,1.95
1ugp,1.63
1sl3,1.81
1m0b,2.45
1w5w,1.8
1rql,2.4
2bet,2.2
1o5b,1.85
1ur9,1.8
1o5e,1.75
1qxl,2.25
1o5g,1.75
1uz1,2
1xff,1.8
1v48,2.2
1v2o,1.62
1sdv,1.4
1txr,2
1v2t,1.9
1ssq,1.85
1pxo,1.96
1mue,2
1r1j,2.35
1s39,1.95
1uou,2.11
1u33,1.95
1v2r,1.7
1w5y,1.9
1q65,2.1
1uml,2.5
1ro6,2
1q5k,1.94
1xkk,2.4
1w5x,1.9
1mu6,1.99
1uz4,1.71
1p57,1.75
1sgu,1.9
1v2u,1.8
1pzo,1.9
1pzp,1.45
1w3k,1.2
1v2l,1.6
1sdt,1.3
1v2j,1.9
2bes,2.1
1o5c,1.63
1ogg,1.97
1ro7,1.8
1v2s,1.72
1s38,1.81
1w5v,1.8
1thz,1.8
1o5r,2.35
1q91,1.6
1sdu,1.25
1q84,2.45
1tuf,2.4
1v0k,1.03
1v7a,2.5
1sh9,2.5
1v2w,1.75
2bfq,1.5
1xt8,2
1uwf,1.69
2bys,2.05
1w9v,2
1s5z,2
2bt9,0.94
1kjr,1.55
1ws4,1.9
1ydk,1.95
1y3p,2
1u1b,2
1xh9,1.64
1y0l,2.5
1t7j,2.2
2byr,2.45
1y3n,1.6
1xge,1.9
2arm,1.23
2c3i,1.9
1yc4,1.81
1w96,1.8
1zhy,1.6
2a4m,2.3
1xh5,2.05
1xh4,2.45
2bak,2.2
1tjp,1.5
2baj,2.25
1xq0,1.76
2bal,2.1
1rr6,2.5
1x8d,1.8
1yc1,1.7
1xr9,1.79
2f7i,1.6
1xpz,2.02
1t4v,2
1x8j,2.35
1wur,1.82
1ws1,2
2bok,1.64
2a5s,1.7
2b07,2.1
2ax9,1.65
1yvm,1.6
2ayr,1.9
1wcq,2.1
1z71,1.8
1x39,1.8
1y1z,1.5
2brm,2.2
1x38,1.7
1zp8,2.02
1zdp,1.7
1zoh,1.81
2brb,2.1
1xk9,2.1
1xgi,1.96
1v1j,2.2
1x8t,1.9
2afw,1.56
1wvj,1.75
1w4p,1.69
2bvd,1.6
2a14,1.7
2erz,2.2
1t31,1.9
1z9g,1.7
1wn6,1.8
1y3v,1.6
2azr,2
2bo4,1.95
1yqy,2.3
2f6t,1.7
1tx7,1.75
1y6q,2.2
1z4o,1.9
1u71,2.2
1syi,2.1
1vzq,1.54
1t32,1.85
1syh,1.8
1zgi,2.2
1y20,1.4
1zoe,1.77
1yfz,2.2
1z6s,1.5
1z1h,1.85
1zpa,2.02
2al5,1.65
1w4q,1.68
1t5f,2.2
1xhy,1.85
1w4o,1.6
2afx,1.64
2br1,2
1yqj,2
1zog,2.3
1y3x,1.7
1x8r,1.5
1z95,1.8
1y6r,2.2
2exm,1.8
2c3l,2.35
1x1z,1.45
1yq7,2.2
2bqv,2.1
2f34,1.74
2c94,1.9
2iwx,1.5
2ews,2.05
2euk,1.85
2h21,2.45
2eum,2.3
2evl,2.2
2cgf,2.2
2iw4,2.15
2fgu,2
1zc9,2
2c97,2
2ce9,2.12
2j79,1.94
2fw6,1.85
2boj,1.8
2j7g,1.91
2buv,1.8
2ewa,2.1
2a5b,2.49
2cbz,1.5
2j77,2.1
2haw,1.75
2hu6,1.32
2o4n,2
2gl0,2.25
2gzl,2.5
2ccc,1.7
2b4l,2
2o4p,1.8
2c92,1.6
2cbu,1.85
2bmk,2.3
2a8g,1.99
2hmv,2.2
2hmu,2.25
2cex,2.2
2fqw,1.71
2j75,1.85
2ca8,2.49
2ha2,2.05
2j7b,1.87
2a5c,2.5
2fqy,1.9
2h3e,2.3
2g5u,1.8
2cbv,1.95
2hf8,2.1
2f35,1.87
2o4s,1.54
2ccb,1.65
2iko,1.9
2o4k,1.6
2amt,2.3
2j78,1.65
2h6b,2.2
2fxv,2.05
2ez7,2
2j7f,2.28
2ha5,2.15
2j7e,2.19
2ha6,2.25
2c1p,2
2ces,2.15
2gz2,2.1
2o4l,1.33
2j7h,1.95
2doo,2.43
1zea,1.78
2fqx,1.7
2j7d,2.24
2fgv,1.5
2il2,2.24
2fxu,1.35
2hnx,1.5
2ate,1.8
2h5a,1.72
2d0k,1.9
2cet,1.97
2cc7,1.8
2ha3,2.25
2cer,2.29
2cf8,1.3
2cf9,1.79
2aoe,1.54
2d1o,2.02
2f7o,1.43
2f81,1.25
2i3h,1.62
2i3i,2.3
2bz6,1.6
1zsf,1.98
2d3u,2
2b1i,2.02
1z6e,1.8
2b1g,2.1
2d3z,1.8
2f7p,1.28
2fqo,1.87
2g94,1.86
2gvj,2.1
2hoc,2.1
2h4g,2.5
2aqu,2
2aog,1.1
1zvx,1.87
2fqt,1.79
2ewb,1.85
2idw,1.1
2avo,1.1
2g8r,1.7
1ypg,1.8
2fpz,2
2e1w,2.5
2gvv,1.73
1zfk,1.56
2aoc,1.3
2gv7,2.2
2j34,2.01
2hb1,2
2i19,2.28
2am4,1.7
2f94,1.94
2fzc,2.1
2j4i,1.8
2f8g,1.22
2avm,1.1
2aod,1.4
2iuz,1.95
2bvr,1.25
2fx6,1.57
2dw7,2.5
2cn0,1.3
2fzk,2.5
2gsu,2
2fdp,2.5
2avs,1.1
2i3v,2.4
2f1g,1.9
2b7d,2.24
2ihq,2
2h4k,2.3
2hs1,0.84
2j47,1.98
1zfq,1.55
2isw,1.75
2boh,2.2
2fvd,1.85
2hb3,1.35
2hzy,1.35
2avq,1.3
2fzg,2.25
2gv6,2.1
2j2u,1.9
2i0a,1.8
2i80,2.19
2cbj,2.35
1zge,1.65
2ceq,2.14
2f80,1.45
2hnc,1.55
2aj8,2.11
1z9y,1.66
2hxm,1.3
1zs0,1.56
1yp9,2.1
2d1n,2.37
2bvs,1.4
2f9k,2.06
2bq7,2.2
1ype,1.81
1w7g,1.65
1ypj,1.78
2v7a,2.5
2uxi,2.5
2jdu,1.5
2v00,1.55
2jdp,1.3
2jdk,1.1
2py4,1.49
2jdh,1.1
2nn7,1.85
2pfy,1.95
2hkf,2.01
2qpq,1.92
2qx0,1.8
2e7f,2.2
2fxs,2
2nnd,1.6
2e5y,1.92
2nn1,1.65
2pgz,1.76
2v25,1.49
2r58,2
2oiq,2.07
2vhj,1.8
2pk6,1.45
2jg0,1.5
2nsj,2.31
2clk,1.5
2qm9,2.31
2ov4,2.5
2i4z,2.25
2q8h,2
2v3u,1.74
2gh9,1.95
2uyq,1.8
2r5a,2.3
2nmx,1.55
2nsl,2
2pk5,1.9
2vba,1.36
2vb8,1.52
2hzl,1.4
2cle,1.5
3b50,1.4
2uyn,1.6
2r0z,2.1
2jdm,1.7
2ra6,1.5
2ogy,2.3
2qhd,1.95
2uwd,1.9
2gj5,2.4
2hjb,1.85
2p09,1.65
2v95,1.93
2e2r,1.6
2igv,1.67
2oi2,2.5
2p15,1.94
2cli,1.7
2pql,2.2
2q7q,1.6
2i4j,2.1
2i6b,2.3
2pv1,1.3
2jf4,2.2
2v88,2
2clh,1.7
2i2c,1.85
2o4j,1.74
2p16,2.3
2oxd,2.3
2ot1,2.05
2oxx,2.3
2j4g,2.25
2pog,1.84
2nt7,2.1
2oxy,1.81
2j27,1.15
2p95,2.2
2o4r,1.98
2g9q,2.5
3bgz,2.4
2yxj,2.2
2p2a,2.26
2flr,2.35
2q54,1.85
2hw2,1.45
2p4j,2.5
2eg7,2
2obf,2.3
2pu1,1.8
2z94,1.78
3b7i,1.75
2uz9,2.3
2i4x,1.55
2qrl,1.6
2hah,1.7
3b92,2
2oym,1.86
2qe4,2.4
2v3d,1.96
2p3a,1.75
3bgq,2
2ovv,2
2fle,1.9
2uwp,1.75
2ptz,1.65
2pwg,2.2
2nta,2.1
2on6,2.5
2g70,2.4
2jh6,2.21
1vso,1.85
2e2p,2
2q55,1.9
2i4d,1.5
2oax,2.29
2ojg,2
2cej,2.5
2i4w,1.55
2i4u,1.5
2jew,1.4
2fu8,1.8
2h15,1.9
2uy4,1.75
2hl4,1.55
2p3c,2.1
2psu,1.93
2ihj,2
3b3x,2.5
2o8h,1.8
2jiw,1.95
3b3s,1.18
2oi0,2
2jh0,1.7
2ojj,2.4
2uwo,1.75
2o0u,2.1
2uy5,1.6
2p3b,2.1
2r5p,2.3
2oag,2.3
2i2b,2.1
2eg8,2.2
2g72,2
2hhn,1.55
2r2w,2.01
2g71,2.2
2p53,2.1
2jh5,2.5
2oxn,1.7
2pou,1.6
2oc2,2.25
2qu6,2.1
2nmz,0.97
2gkl,1.86
2j62,2.26
2pwd,1.8
2j95,2.01
2ovy,1.8
2uwl,1.9
2pbw,2.5
2qft,1.55
2jfz,1.86
2j94,2.1
2qzr,1.95
2qrk,1.75
2o4z,2.1
2psv,1.75
2q38,1.95
2cen,1.7
2jds,2
2i4v,1.5
2qdt,2
2uy3,1.9
2h6t,1.9
2pow,1.75
3b3w,1.75
2qfu,1.6
2v2q,2.3
2pov,1.6
2q1q,1.9
2z1w,1.63
2v2v,2.4
2jfh,1.97
2glp,2.42
2q8m,2.05
2q2a,1.79
2vt3,2
3exe,1.98
2jgs,1.9
2vwc,2.4
2qpu,1.7
2p7z,2.5
2p7g,2.1
3d0b,1.74
3bva,1.05
3cj4,2.07
2p3i,1.75
3d2e,2.35
3c2o,2.3
3cj5,1.92
2zb1,2.5
2pvu,1.79
2q89,2.3
3ebl,1.9
2qbu,2.1
2p7a,2.3
3c2r,2.4
2vmd,1.9
3coy,2.03
2rcn,2.25
2vmc,1.9
3dhv,2
2pmk,1.6
3eeb,2.1
3e5u,1.83
2q88,1.9
2vyt,1.9
2pqc,1.6
3c2f,2.35
3bxg,1.8
3bbb,1.3
2rin,1.8
3c39,1.85
2vpe,1.7
2vo4,1.75
3cd5,2.39
2vuk,1.5
3ccw,2.1
3cd7,2.05
2vmf,2.1
3c84,1.94
3cj2,1.75
2pym,1.9
2rcb,1.62
2zpk,1.8
2r23,1.65
2vfk,1.5
3b5j,2
3f17,1.1
2reg,1.9
3bex,1.51
3coz,2
3bxf,1.7
2rio,2.4
3bra,2.3
3f3e,1.8
2qfo,1.68
2qv7,2.3
3f8c,2.2
3fat,1.9
3ery,1.95
3buh,2.3
2pyy,2.1
3d7k,2.49
3cda,2.07
3cd0,2.4
3cct,2.12
2pyn,1.85
3b2q,2.1
3brn,2
3c4h,2.1
2q64,2.5
3bvb,1.3
3bxe,1.8
2zkj,2
2vc9,2.36
2vpo,1.8
3bzf,2.5
2r1y,1.6
2qtn,2.4
2zdm,1.93
3f18,1.13
3bf1,2.3
2vw5,1.9
3b4p,1.7
2zdl,1.8
3dp4,2.11
3bbf,1.7
3f16,1.16
2vvn,1.85
2q7y,1.95
3ccz,1.7
3f48,1.9
2zdn,1.98
2qbw,1.8
3f80,1.6
3f1a,1.25
2pqb,1.8
3c79,2.48
2r2b,1.6
3cr5,1.85
3f19,1.13
3bug,2.5
2q63,2.2
3f3d,2.3
3bu1,1.4
3f15,1.7
2r75,1.4
3buf,2.3
3cdb,2.3
2qbp,2.5
3c56,2.3
2qi5,1.85
2qi6,1.85
2qi4,1.8
2qbq,2.1
2r38,1.81
3ekr,2
3c52,2.3
2qi7,1.85
2qi3,1.95
2qnn,1.48
2r3w,1.92
2vnp,2.19
2rfh,1.7
2zq0,1.6
2v2h,1.18
2qbs,2.1
2za0,1.7
2pwr,1.5
2pvh,2.2
2z4o,1.6
2pwc,1.78
2vh6,1.95
3eko,1.55
2p4s,2.2
2pvm,2
2v2c,1.89
2qnp,1.41
2vw1,2.39
3ckp,2.3
2qbr,2.3
2vvp,1.65
2w26,2.08
3b65,1.8
2vw2,1.7
2qrp,1.86
3bkl,2.18
2ri9,1.95
2qnq,2.3
2qmg,1.89
3d91,2.2
2qd7,1.11
2rkf,1.8
3bkk,2.17
2qd8,1.35
3cke,2.4
3bgb,1.9
2vqt,2.1
3c2u,1.3
3b67,1.9
2r3t,1.8
2zcq,2.38
3d1z,1.3
3b5r,1.8
3bqc,1.5
2vkm,2.05
2rkd,1.9
3ckz,1.9
2qg0,1.85
3cyx,1.2
3cf8,2.4
2uy0,1.76
3bl0,1.9
2qw1,1.7
3d7z,2.1
2zcr,1.92
2zn7,2.1
2vo5,2.3
3d4z,1.39
3ewj,1.8
3dd8,1.9
2r9x,1.9
2ra0,2.3
3c88,1.6
3czv,2
3fas,1.4
3cyw,1.4
3d50,1.79
2zc9,1.58
2zgx,1.8
3b7u,1.9
2qrh,1.83
2rka,1.95
2p4y,2.25
2r43,1.58
3ddg,1.74
2pqz,1.55
2qd6,1.28
2q8z,1.8
3d1x,1.05
3bl1,2.1
3b66,1.65
3b7r,1.81
2ves,1.9
1w0z,1.9
3cs7,2.2
2yz3,2.3
3ddf,1.2
2rk8,2
3dln,1.91
2pvl,1.9
3be9,2
2zmm,2.1
2v54,2.4
3djk,1
1w13,2
2vj8,1.8
3eqr,2
3d4y,1.52
2vh0,1.7
2uxz,1.75
2q6f,2
2za5,2.3
3bft,2.27
2qhy,1.85
3cm2,2.5
2pu2,1.86
3bgs,2.1
2qg2,1.8
3d83,1.9
3bv9,1.8
2qci,1.2
2qi0,2.1
2vc7,2.05
2pnc,2.4
2vvs,2.24
2r2m,2.1
2qtt,1.93
2vsl,2.1
2zda,1.73
3b68,1.9
3d0e,2
3e5a,2.3
2qi1,2
3d52,1.6
3bfu,1.95
2qhz,1.85
2ole,2.4
2jkp,1.99
2jke,1.7
2pvk,1.9
2rd6,2.3
2vk6,1.5
2r59,1.89
2qrg,1.85
2zfp,2.25
3b7j,2.4
2epn,1.61
3f3a,2
3c8a,1.52
1w11,2
2zcs,2.03
3d1y,1.05
3b4f,1.89
2pq9,1.6
2e9u,2
2qrq,1.8
3d51,1.43
2vot,1.95
3c8b,1.47
2rkg,1.8
2qtg,1.84
2v77,1.6
2rke,1.8
3cl0,2.2
3c89,1.58
2pvj,1.7
2r9w,1.8
3bgc,1.8
2vnt,2.2
2qrm,1.9
3f3c,2.1
2vl4,1.9
3c8e,1.5
2wjg,2.2
2vk2,1.2
3fzy,1.95
3a1c,1.85
3drf,1.3
3drg,2.5
3ie3,1.8
3el1,1.7
3jvs,1.9
3bwj,2.3
3g3r,2
3ekx,1.97
3ekv,1.75
3fvh,1.58
3ed0,2.3
2zym,1.8
3gnw,2.39
2v58,2.1
3iw5,2.5
2w7y,2.35
2w8j,1.5
3i9g,1.9
2weq,2.2
3ekp,2.15
3h1x,1.4
3ivx,1.73
2w47,1.4
3ekw,1.6
3ime,2.39
2wzf,2.1
2whp,2.2
3ijh,2.1
3hv8,1.45
3gkz,1.9
3gvu,2.05
3hx3,1.69
2vxn,0.82
3cfn,1.87
3imc,1.6
2weh,2.1
2weo,1.4
3juq,1.75
3evd,1.5
2wor,1.7
2wos,1.7
3a1s,1.5
2w4x,2.42
3f70,2.1
3gcp,2.25
2zwz,2.36
3gcu,2.1
3bpc,1.85
3dsz,2
3gm0,2.4
3el5,1.6
3dgo,2.5
3fjg,2.2
2v59,2.4
3dnt,1.66
3f3u,2.5
3fuc,1.45
3fj7,1.7
2wf5,1.3
3elc,2.5
3a1e,1.95
3fwv,2.2
3e3c,2.5
3e6y,2.5
3jup,1.9
3kjd,1.95
3dp9,2.3
3g0e,1.6
3k5i,2
3isj,2.2
3ioc,2.5
3g19,1.85
3d78,1.6
3ekt,1.97
3f3t,2.5
2zq2,1.4
2zfs,1.51
3iub,1.5
3fhb,2.3
2wn9,1.75
3da9,1.8
3iw6,2.1
3ga5,1.87
2zft,1.76
2weg,1.1
2wnj,1.8
3gx0,2.3
3dri,1.8
2we3,2
2w08,1.7
3iob,1.8
3el9,1.6
3efs,2.3
3jzh,2.05
3jzg,2.1
2w9h,1.48
3kv2,1.55
2wnc,2.2
2wc4,1.7
2wuf,1.9
2vzr,1.95
3a6t,1.96
3jrs,2.05
3ioe,1.95
3cz1,1.5
3gcs,2.1
3h78,1.7
3gpo,1.9
3g08,1.6
3cyz,1.8
3dzt,1.8
3cft,1.87
3el4,2
2w8w,2.14
3fql,1.8
3hww,1.95
3a1d,1.85
3ivc,2.13
2v57,1.9
3ifl,1.5
3juo,2.2
3f78,1.6
3gk1,2.1
3iod,1.75
2wej,1.45
3kr8,2.1
3gus,1.53
2wer,1.6
3fzn,1.62
2wgj,2
3g35,1.41
3h89,2.5
3f5k,1.8
2zjw,2.4
3f5j,1.95
3ikg,1.86
3h5b,1.29
3jya,2.1
3fx6,1.85
3ikd,2
3dk1,1.07
3f5l,1.37
3g32,1.31
3gs6,2.3
3gsm,2.4
3fv3,1.85
3g0w,1.95
3g5k,1.7
3ctt,2.1
2wk6,2.5
3h8b,1.8
3dxh,1.4
3hk1,1.7
2wb5,2.31
3ibu,1.41
2w8y,1.8
2wc3,2
3gba,1.35
3ffg,1.54
3hb4,2.21
3g34,1.31
3dcc,1.6
3ebp,2
3egt,2
3g31,1.7
3ehy,1.9
2zxg,1.55
3fcq,1.75
2wkz,1.7
3jvr,1.76
3djq,1.53
3g2y,1.31
2vwn,1.61
3fur,2.3
3hs4,1.1
3gbe,1.7
3daz,1.6
3iww,2.3
2w67,2.25
3gbb,2.1
2jjb,1.9
3eft,1.85
3eax,1.9
3hig,2.09
3ibl,1.55
2wzs,2.25
3i7e,1.7
3dx2,1.4
3djx,1.69
3eb1,2.4
2wl0,1.9
3dnd,2.26
3ggu,1.8
3d6q,1.6
3d6p,1.6
3ebo,1.9
3f6g,2
3dd0,1.48
3d9z,1.65
2wky,2.2
2wca,2.3
3kgp,2.35
3gvb,1.8
3ibi,1.93
3ejq,1.45
3ejr,1.27
3ejp,1.32
3d7b,1.6
3ewc,2.11
3fee,1.56
2zx8,2.33
3hl7,1.88
3ibn,2.2
3fk1,1.7
3iph,2.1
2zx6,2.42
3g0i,2.1
3ehx,1.9
3gc4,1.8
3dx1,1.21
3djv,1.6
3ff3,1.37
3h30,1.56
2zz1,1.57
2zz2,1.53
3ge7,1.5
3hvj,1.79
3g30,1.8
2wqp,1.75
2wr8,1.77
3dx3,1.42
2vwo,1.6
2zx7,2.48
3g1d,1.5
3fed,1.29
2wbg,1.85
3d8y,1.72
3gr2,1.8
2vvc,1.95
3hvh,1.3
3hvk,1.3
3dxg,1.39
3hkt,2.36
3g2z,1.5
3hkn,1.8
3hkq,1.7
3gtc,1.9
3dc3,1.7
3djo,1.6
3kmc,1.8
3d8z,1.98
3f7g,2.3
3i6o,1.17
3f7i,1.9
3ebh,1.65
3ip8,1.5
3hek,1.95
3hll,1.95
3fl5,2.3
3gc5,1.4
3f8e,2
3fqe,2.5
3hku,1.8
3hvi,1.2
3jy0,2.4
2zxd,2.15
3hit,2.29
3gqz,1.8
3djp,1.6
3k2f,1.98
3g1v,1.3
3gdt,1.6
2vvv,1.73
3dne,2
3d8w,1.7
3gv9,1.8
3a9i,1.8
3ffp,1.81
3dx4,1.38
3d6o,1.58
3ebi,2
3f68,1.75
3dbu,1.7
3f7h,1.8
2w5g,1.7
2w66,2.27
2vvu,2.3
3fjz,1.7
2vwm,1.96
2vwl,1.8
2wvz,2.4
2jkh,1.25
3lzs,1.95
3myg,2.4
3m5e,1.7
3mhl,1.9
3lzu,1.76
3hu3,2.2
3kdb,1.66
3m3x,1.68
3lxk,2
3m40,1.6
3m67,1.8
3kdm,1.5
3mhm,1.5
3ip6,1.4
3hzk,2.15
3mhi,1.7
2xjj,1.9
3mho,1.15
3nw3,2.5
2xdx,2.42
3hzv,1.9
3kdc,2.2
2xab,1.9
3hcm,2
3k5v,1.74
3m89,2
3acl,2.35
3ip5,1.35
3p2e,1.68
2xjx,1.66
3nex,1.7
2xht,2.27
3kgu,1.85
3neo,2
3lka,1.8
3k00,1.55
3gy2,1.57
3k02,1.55
3huc,1.8
3a5y,1.9
3juk,2.3
3m8u,1.85
3ies,2
3lp4,1.9
3obx,1.6
3lbz,2.3
3lzz,2.5
2xjg,2.25
3kmx,1.7
3nq3,1.9
3iqu,1.05
3nim,2
2wq5,1.65
3lcv,2
3ny3,1.6
3lk8,1.8
3jrx,2.5
3l1n,1.3
3gy3,1.7
3lpl,2.1
3hkw,1.55
3ip9,1.8
2x4z,2.1
3jyr,1.75
3l59,2
2wva,2.2
3nkk,1.12
3miy,1.67
3oy8,2.19
3mss,1.95
3ljo,1.5
3lgs,2.2
3jzj,1.4
3o4k,2.11
3m3o,2.1
2xdk,1.97
3afk,1.95
3fh7,2.05
3p8p,2.5
3obq,1.4
3kgt,1.95
3i73,2.4
3hmp,2.3
2xde,1.4
3kdd,1.8
3lp7,2.04
2xbv,1.66
3nhi,1.43
3ng4,1.73
3hmo,2.4
3lcu,2.1
3kmy,1.9
3o8p,2.1
3nik,1.85
3kqr,1.5
3m3e,2.1
2wyf,2.4
3hzm,1.8
3mf5,2
3npc,2.35
3nee,1.55
2x00,2.4
3guz,1.67
3l6h,2.3
3k8q,2.5
3n9s,1.85
3p5o,1.6
3obu,1.6
2xib,2.2
3o84,2.1
3kyq,2.44
2xii,1.8
3ms9,1.8
3n1c,2
3nx7,1.8
2wvt,1.8
3oyw,2.5
2xdl,1.98
3hub,2.25
3k8o,2.4
3hky,1.9
3m3c,2
3gy4,1.55
2xbp,1.2
3ouj,2.3
3n8k,2.25
3nq9,1.9
3adv,2.27
3nht,1.45
2xeg,1.59
2xei,1.69
3liw,2.22
3i51,1.8
3hfb,1.92
3l4u,1.9
3mxe,1.85
3i4y,1.85
3l4y,1.8
3gt9,1.7
2xmy,1.9
3iae,2.3
3l4x,1.9
2xef,1.59
3m36,2.15
3nuo,1.35
2xhm,1.96
3l4v,2.1
3l4z,2
2wly,2.4
3hf8,1.85
2xd9,1.95
3nuj,1.5
3aaq,2
3fv1,1.5
3nu6,1.16
3lpp,2.15
2xb7,2.5
2xda,1.85
3p8z,1.7
3a2o,0.88
3fvl,1.85
3owj,1.85
3lpk,1.93
3mdz,2.32
3m37,1.9
3nu9,1.85
3l4w,2
3lmk,2.44
3k8c,2.1
3k37,2
2xej,1.78
3mxd,1.95
3fvk,1.5
3nu4,1.2
2wtv,2.4
2xbw,1.72
3k97,1.95
2x95,1.96
3lir,1.9
2x8z,1.98
3mhc,1.7
3lbj,1.5
3g2i,2
3g2l,2.3
3n2u,1.81
3moh,2.1
2xnb,1.85
3g2h,2.03
2xbx,1.85
3g2k,2
3fvn,1.5
3agl,2.1
3gi4,1.85
3acw,1.63
3g2j,2.14
2x09,2.4
3ljg,1.31
2x91,1.98
2xc0,2.05
2wyj,2.38
3lvw,2.5
3nox,2.34
2x97,1.85
2xj7,2
2x7t,1.89
3l0v,1.75
3lxe,1.9
3kr4,2
2wlz,1.82
2x0y,2.25
2xb8,2.4
3hp9,1.6
3ipq,2
3fuz,1.65
2wyg,1.88
3i60,2.5
3i5z,2.2
3acx,1.31
3kku,1.28
3l79,1.86
3mi3,2.38
3l7c,1.93
3mjl,1.9
3mfv,1.9
3mfw,1.47
2wm0,1.9
3n2v,1.55
3aas,1.75
3nyx,2.5
3hl8,1.55
3l3l,2.5
3pd8,2.48
3own,2
3k5x,1.4
3lpi,2.05
3iog,1.41
3l7b,2
3m1k,1.35
3kek,1.97
3nu5,1.29
3k4q,2.2
3l7a,1.9
3ipu,2.4
3mhw,1.45
3o5x,2
3ok9,1.27
3lc3,1.9
3moe,1.25
2x7u,2.12
3gta,1.7
3n3g,1.6
3kgq,1.7
3gjw,2.3
2wzm,1.64
3l7d,2
3l3n,2.3
3pd9,2.1
3k99,2.1
3m35,2.2
3mz6,2
3l3m,2.5
3le9,1.85
3gi6,1.84
3gi5,1.8
3iof,1.44
3odu,2.5
3fv2,1.5
3n9r,1.8
2xg9,1.8
3n7o,1.8
3k4d,2.39
3i4b,2.3
3nxq,1.99
3g2n,2.1
3mof,1.75
3aho,1.88
3aau,1.8
3ahn,1.8
3mtw,1.7
3igp,1.65
2x96,1.85
2xc4,1.67
3ag9,2
2yln,1.12
3b24,1.7
3arp,1.55
3qx9,2
3ap4,2.33
3r1v,2.19
3uex,2.1
3rdo,1.4
3s8o,1.85
3ao2,1.8
3aqt,2.5
3zyu,1.5
3b26,2.1
3ove,1.82
3s0e,1.6
3pgu,1.7
3s0b,1.22
2yki,1.67
3o9p,2.07
3tf6,2.35
3qlm,2.5
3rdq,1.6
3uew,2
3arq,1.5
3rux,1.7
3t1l,1.6
3s8n,1.71
3p9t,2.02
3u5l,1.39
3arw,1.5
3b25,1.75
3pwm,1.46
2yay,1.86
3t1m,1.55
3ary,1.35
3alt,2.5
3rz7,1.8
3uev,1.9
3tcg,2
3ppr,2.1
3qqa,2.2
3rm4,1.9
3rt4,1.7
2xp7,2
3rz1,1.51
3p9m,2
2xn3,2.09
3rdv,1.75
3rlb,2
3pju,2.5
3qin,1.7
3pyy,1.85
2ylc,1.3
3rz5,1.65
3njq,2
3zyf,1.94
3ru1,2.3
2yb0,2.28
3qnd,2.4
3s75,1.5
3ryj,1.39
2y9g,1.67
3rm9,2.1
3p7i,1.71
3q6z,2.23
3td4,1.79
3s71,1.25
3arv,1.5
3s8l,1.71
3ldp,2.2
3u5j,1.6
3ryz,1.37
3qps,2.35
3ovn,1.95
2y7i,1.9
3ujd,1.5
2xn5,1.7
3o75,2.3
2x6x,1.48
3q7q,2.3
3uj9,1.24
3sk2,1.01
3p3s,1.6
3ujc,1.19
3ocp,2.49
3q6w,1.75
2xj1,2.13
3ppq,1.91
2yix,2.3
2y7p,1.85
3u10,2.3
3r6u,1.61
3myq,1.35
3n7h,1.6
3m6r,2.4
3ta0,2.3
3s78,1.98
3axz,2.25
3pxf,1.8
3rsx,2.48
3ryy,1.16
3arr,1.65
3qkd,2.02
3arx,1.16
3s72,1.6
3n35,2
2ydw,1.9
3qxv,2.5
3r24,2
3ao1,1.9
3ueu,2.1
3ao5,1.8
2yel,1.65
3p3r,1.25
3ta1,1.9
3p3t,1.45
3zqe,2.19
3p9l,2
3q71,2.2
3ov1,1.6
3rz8,1.7
3b27,1.5
3aru,1.9
3m96,1.4
2yek,1.98
3s77,1.86
2xj2,2.2
3qfd,1.68
3ppp,2.4
3qxt,1.7
3tao,1.45
3ryx,1.6
2yaz,2.4
2yk1,1.85
3ozj,2.1
3ujb,1.52
3mam,1.8
3o56,2.42
2ygf,2
3qyy,1.9
3ao4,1.95
2xm1,2
2yge,1.96
3rlp,1.7
3ryv,1.2
2xxt,1.9
3s0d,1.24
3po1,1.65
3zxz,1.8
2xpk,2.4
3u8n,2.35
3pbb,1.95
3r4n,2
3n76,1.9
3pe2,1.9
3pe1,1.6
3pwd,2.2
3ozp,2
3pb9,1.12
3qox,2.3
3ama,1.75
3ppm,1.78
3sr4,2.5
3sm2,1.75
2xog,1.72
2ybu,2.25
3p8n,1.9
3nzk,1.8
3rf4,1.8
2xy9,1.97
3ozg,1.99
3rwp,1.92
2ya7,1.89
3qfy,2.3
3zq9,1.86
3r4m,1.7
2y7x,1.9
3zze,1.87
3qgw,2.1
3o9i,1.45
3oaf,1.7
2ya8,1.75
3pb7,1.4
3m3z,2.1
3p8o,2.3
3oy0,1.6
3oyq,1.47
3m8t,1.33
3t82,2
3slz,1.4
3t83,1.8
3t84,2
3sio,2.32
3t85,2.4
3pn1,2
3r4p,1.7
2xpc,1.49
3oe5,1.52
3pn4,1.9
2y5g,1.29
3ohi,2.3
2xyd,2.15
3ai8,2.11
3s2v,2.5
3prs,1.38
3n2p,1.65
3o99,1.95
2y5h,1.33
3qgy,2.1
3o5n,1.83
3oim,1.45
3p3g,1.65
3nb5,1.8
3o9d,1.85
3nw9,1.65
3ui7,2.28
3ucj,1.85
3u8k,2.47
3rf5,2.1
3n86,1.9
3qaa,1.4
3n7a,2
3th9,1.34
3o9a,1.9
3oil,1.5
3mzc,1.5
3sjf,1.65
2xm2,1.95
3p58,1.49
2xxr,1.6
3ni5,2.1
2y5f,1.29
2y81,1.7
2y7z,1.84
2ya6,2
3ml5,2.05
2ydt,1.6
3tza,1.9
3u8j,2.35
3b1m,1.6
3n3j,1.5
2xyf,1.8
3str,1.75
3rlr,1.7
3sw8,1.7
3p17,1.43
3nyd,1.23
3t01,1.6
3oe4,1.49
3ocz,1.35
3pfp,2.35
3mmf,1.5
2xys,1.91
2xxx,2.1
3r17,1.7
3ldq,1.9
3t1a,2.4
3qt6,2.05
2xye,2
3q1x,1.59
3p5l,1.5
3rlq,1.9
3u9q,1.52
3mna,1.5
3oku,1.45
3rt8,2.43
3rtf,1.7
3ozs,1.44
3pww,1.22
3q44,1.8
2y82,2.2
3sww,2
3pb8,1.13
2xyt,2.05
3n0n,1.5
3r16,1.6
3tfu,1.94
3o7u,1.71
3qfz,2.39
3okv,1.45
3s3v,1.53
3rv4,1.98
3o9e,1.5
3st5,1.45
3pgl,2.35
3roc,1.7
3q2j,2.15
3ps1,1.85
3ljz,2
3s9e,1.6
3ozr,1.73
3ozt,1.48
2x2r,2.2
3tu7,2.49
2yfx,1.7
3u8l,2.32
3p4v,2
3n4b,1.6
2y80,1.9
3ml2,1.8
4b74,2.18
4asj,2.25
3uug,1.75
4dy6,2.2
3s8x,1.3
4b73,2.5
4arw,2.2
4daf,2.5
3u15,1.8
4fcq,2.15
4dew,1.9
3s9t,1.3
3v3q,2.22
4dkq,1.89
4h75,2.1
4db7,2.5
3sax,1.1
4a4v,2
4aqh,2.4
4ewn,1.9
4dkr,1.8
4fut,2
4b5s,1.68
3v3l,1.65
4dko,1.98
3tay,1.85
3t6b,2.4
4b0b,1.9
4b5t,1.92
4b5w,1.79
4der,1.9
4erf,2
4eu0,1.7
4d8z,2.2
3vhd,1.52
4etz,2.05
3sfg,2.21
4gah,2.3
4g0p,1.8
4ara,2.5
4fm8,1.9
3uil,2.2
4dst,2.3
4ai5,2.22
3vhc,1.41
4arb,2.25
4des,1.75
3udh,1.7
4dsu,1.7
4fxq,1.96
4dkp,1.8
3qbc,1.65
4agm,1.52
4agn,1.6
3t0x,1.96
4dmw,2.5
4hbm,1.9
4g8m,2.05
3uyr,1.7
3sbi,1.4
4aj4,1.9
3u3u,2.5
3zt3,1.95
3ttn,2
3r0y,1.65
3zt2,1.7
4ago,1.45
4aba,1.25
4fys,2.01
4ajl,1.77
3vjc,1.89
4flp,2.23
4a4w,2
4egk,1.69
4det,2.05
4deu,1.6
2yhw,1.64
3r5t,1.45
3ubd,1.53
3v78,2.3
4agp,1.5
4aje,2.35
4aia,1.8
4fl2,2.19
4agl,1.7
2yme,2.4
4gq4,1.27
4avi,2.4
3umq,2.2
4dbm,2.3
3tk2,1.35
3u90,1.9
4abf,1.3
4ad3,2
3sap,1.75
4fnn,2.24
4abg,1.52
4aji,1.93
3uo4,2.45
4b76,2.14
4eo6,1.79
4g0q,1.8
3ttm,2
4f5y,2.4
4gzw,2.45
4abb,1.25
4epy,1.8
3t2w,1.5
4avj,2.1
4ffs,1.9
4axd,2.05
4f7v,1.73
3tif,1.8
3r7o,2.3
2yi7,1.4
4g0y,1.65
4abe,1.3
3re4,2
3up2,2.3
3vha,1.39
4abd,1.25
3rsr,2.3
4ab9,1.2
3uod,2.5
4ahu,1.9
3tkw,1.55
3ug2,2.5
4b1j,2.08
3upk,2
4i3z,2.05
3zsx,1.95
4fl1,1.79
3sbh,1.65
4fm7,1.56
4avh,2.1
3zsy,2.2
4g0z,1.75
4a6s,2.15
4ahs,1.75
4duh,1.5
4av5,1.4
4ad2,2.1
4g8n,2.3
4gzx,2.45
3tsk,2
2ymd,1.96
4aci,1.65
2yi0,1.6
3zso,1.75
4f1l,1.9
4abh,1.25
3ttp,2.23
3v4t,2.5
3udd,1.95
4eo8,1.8
4dcs,2.25
3tb6,2.21
4fxp,1.95
3tz0,2.5
3usx,2.28
3vje,2.12
4agq,1.42
4av4,1.9
4b8y,1.9
4euo,1.28
4a7i,2.4
4djr,1.55
4aoi,1.9
4ap7,1.8
3utu,1.55
3uw5,1.71
4gid,2
3uw4,1.79
4ase,1.83
4agc,2
3t5u,1.75
4e7r,2.25
4dq2,2.5
4djq,1.4
4app,2.2
3uz5,1.9
4djv,1.73
2yfe,2
3s54,1.42
4b7r,1.9
3s56,1.88
4ax9,1.9
3tfn,2.07
3t64,1.65
3t60,2.4
3tfp,2
4ea2,2.05
3pwk,1.5
3vf5,1.25
4a4q,1.8
2y8c,2.1
4asd,2.03
4djw,1.9
4dv8,1.63
3vh9,1.29
3t70,1.8
3vfa,1.43
4b9k,2
3su3,1.3
3vf7,1.3
3sue,2.2
3vfb,1.55
4e4n,1.9
3u6h,2
3v5p,2.1
4ag8,1.95
4de1,1.26
4e6d,2.22
3zv7,2.26
4gqq,1.35
4de0,1.12
4do5,1.51
3qqs,1.97
4dld,2
4e9u,2.1
4g8v,1.7
4a95,1.55
3qdd,1.79
4e4l,2
4ei4,2.22
4dfg,1.23
3ts4,1.59
3shc,1.9
4e3g,1.55
4b6o,2
4fai,1.65
4a6l,2.05
4ehz,2.17
4b7j,2.42
3u7n,2.3
3uxk,2.2
4hge,2.3
4gqr,1.2
3twp,1.83
3uuo,2.11
3veh,2
4b5d,2.2
3umo,1.7
4a6c,1.5
3rv8,2.29
3si4,1.27
3spf,1.7
4gzp,2.3
4b6r,2
3sut,1.9
3r88,1.73
3su0,1.16
4gzt,2.19
3tzm,1.7
3tvc,2.43
4f39,1.83
3r6c,1.83
3u6i,2.1
3uri,2.1
4h3f,1.7
4fcf,1.09
4hf4,2
4ddy,1.36
3s43,1.26
3sxf,2.04
3t3u,2.1
4efs,1.63
3sha,1.52
3v7x,1.03
3uxl,2.2
3v51,1.95
4f09,2.4
3su1,1.4
4acc,2.21
4fsl,2.5
3suw,1.9
4gkh,1.86
3qtv,1.63
4e5w,1.86
4g8y,1.8
3vhk,2.49
4bc5,1.98
3su5,1.55
3sym,2.4
3suf,2.19
4fs4,1.74
3rr4,1.68
3suv,1.6
4de3,1.44
3s45,1.51
4dju,1.8
3u7s,2.05
4fev,1.89
4g90,1.9
4eky,2.45
4el0,2.4
3u92,1.9
4dhl,2.3
4gki,1.88
3u7m,2.15
3qw5,1.6
4dff,2.11
4i8n,2.5
3u81,1.13
3rbu,1.6
4dsy,2.3
4ek9,2.5
4exs,2.4
3s5y,2.1
3uxd,1.8
3suu,1.6
4djo,1.78
4en4,2.15
4a6b,1.8
4el5,2
4e6q,1.95
3su2,1.5
3s6t,2.3
3u93,1.88
3tt4,1.88
4djy,1.86
4eoh,2.1
4do4,1.4
3u7l,2.01
4alx,2.3
3qwc,1.75
3su4,2.25
4ha5,1.83
4djx,1.5
3t3c,2.1
4afg,2
4few,1.98
4gg7,2.27
3uu1,1.82
3sug,1.8
3v7t,2.09
3qx5,1.35
3sv2,1.3
3si3,1.55
3v5t,2.13
4h3g,1.85
3syr,2.4
3sur,1.9
3sus,1.8
3qto,1.52
4b6p,2.3
4e0x,2
4b9z,2
3u7k,1.9
4dds,1.36
4h3j,1.6
4f9u,1.8
3su6,1.1
4b6s,1.9
4f6w,2.39
3zi0,1.9
4ly1,1.57
4ggz,1.75
4i9h,2.17
4ko8,1.98
4k9y,2
4i54,2.5
4jyb,2.1
4loh,2.25
4g4p,1.5
4loi,1.89
4lxz,1.85
4lhv,1.95
4jyc,2.2
4iuo,1.8
4btk,2
4gqp,2
4iue,2.38
4io2,1.37
4b7p,1.7
4n07,1.87
4jfk,1.15
3zll,2
3w07,1.03
4b33,1.5
3v2p,1.87
4b32,1.5
3zk6,2.48
3w9k,1.8
3v2q,2.2
4n6h,1.8
4f0c,1.9
3zlr,2.03
4b2l,1.5
4ddh,2.07
4e1k,2
4bqg,1.9
4k6i,2.1
4fht,2.15
4f6u,2.1
4b34,1.55
4k4j,2
4hp0,1.19
4kao,2.39
4de5,2.25
4fzj,1.63
4io3,1.66
4l50,2.1
3v2n,1.8
4km0,1.3
4g5f,2.33
4kqp,0.95
4az5,1.73
4nkt,1.9
4b2i,1.3
4lkk,2.49
4ef6,1.94
4azc,2.09
4jne,1.96
4b35,1.4
4jv8,1.45
4km2,1.4
4l4v,1.9
4ezx,1.7
4lps,2
4br3,2.2
4knm,1.9
4bcs,1.8
4i7l,1.52
4att,1.25
4ceb,1.75
4ht0,1.6
4knj,2
4bup,2.17
4ido,2.09
4bi6,1.45
4mr3,1.68
4igt,1.24
4ipj,2.15
3w5n,1.8
4i9u,2.5
4hpi,1.19
3vvy,1.63
4k3h,2.45
4kn1,2.3
4ieh,2.1
4j7e,1.63
4io6,1.6
4bks,2.2
3vx3,2.1
4kni,1.8
4knn,1.4
4ad6,1.85
4j3l,2.09
3vw2,2.34
4kax,1.85
4auj,1.53
4ayu,1.5
4f9y,1.85
4j22,2.12
4ih6,2.2
4ljh,1.45
4k0o,2.15
4bb9,1.47
4b3c,1.9
4b3d,1.59
4jn2,1.71
4l4z,2.3
3zi8,1.5
4i8x,2.23
4dli,1.91
4jx9,1.4
4dzy,2.1
4bqh,1.75
4kmz,2.3
4hj2,2.1
4nxu,2.3
4lar,2.38
4j7d,1.25
4j93,1.74
4luz,1.9
4del,1.58
3vw1,2.21
4nku,1.94
4io7,1.92
4jv6,1.87
2ypo,2
4io4,1.94
4bkt,2.35
4c6u,2.4
4b3b,1.19
4mr6,1.67
4jal,2
4bi7,1.6
4j74,1.2
4ht2,1.45
4hu1,1.95
4k55,1.91
4efk,1.7
3zdv,1.41
4jfm,1.02
3zln,2.29
4n7m,2.12
4ddm,1.83
4ksy,1.88
4nxv,2.3
4i7p,1.6
4mme,2.5
4l6t,1.86
4kp8,1.8
4azi,1.98
4ge1,2.15
4jpy,2.13
4kcx,2
3zm9,1.9
4j21,1.93
2ypp,2.3
4ej8,2.35
4jwk,1.87
4ipi,1.75
4ipn,2.41
4kn0,2.1
4hfp,2.4
4gu9,2.4
4gu6,1.95
4nbn,1.75
4ayq,1.1
4ijh,1.5
4i7j,1.67
4kow,1.45
4bj8,2.4
4ddk,1.75
4idn,2.25
4kfq,2.2
4gue,1.8
4ih7,2.3
4jc1,1.5
4azb,2.1
4ezr,1.9
4ezz,2.05
4n5d,2.06
4gny,1.64
4nra,1.85
4jkw,2.01
4h85,2.1
4ejl,2.44
4h81,2.05
4c1t,2.39
4lw1,1.63
4i7m,1.48
4cgi,2.07
4ayp,0.85
4kzq,2.25
4azg,2.4
4loo,1.95
4ly9,2.35
4h7q,2.1
4c1u,2
4ghi,1.5
4kp5,1.45
4jym,1.35
4lk7,1.76
4io5,1.72
4np9,1.92
4i7k,1.72
4l51,1.9
4gbd,1.98
4gih,2
4kb9,1.29
4fp1,1.68
4gfm,2.3
4bny,1.8
4bcm,2.45
4bco,2.05
4ew3,1.7
4ivc,2.35
4isu,2.3
4ew2,1.6
4gfo,2.3
4gql,1.15
4gr0,1.5
4hw3,2.4
4da5,2.4
4ivd,1.93
4ca5,1.85
4bt4,1.6
4mss,1.8
4jia,1.85
4m0e,2
4mdn,1.91
4bt3,1.1
4az6,1.36
4hws,1.7
4jh0,2.35
4baq,1.89
4i72,2.05
4bam,1.88
4k18,2.05
4heg,1.46
4bak,1.94
4kyh,2.5
4gj3,2.5
4i5c,2.1
4ks1,2.2
4f3c,1.93
4bt5,1.1
4j45,1.48
4j44,1.3
4gii,2.31
4ish,1.82
4ivb,1.9
3zcl,1.4
4mo8,1.85
4in9,1.55
4n3l,1.94
4bxk,2.2
4f9w,2
4k3n,2
4jsa,1.5
4j47,1.35
4i8w,1.96
4mjp,1.85
3wjw,1.59
4gr8,1.3
4iic,1.9
4gr3,1.49
4eb8,2.3
4k0y,1.95
4hla,1.95
4hwp,1.81
4ca6,1.91
4i71,1.28
4kyk,2
4i74,1.68
4bah,1.94
4j28,1.73
4j48,2.1
4ban,1.87
4iid,2.3
4gj2,2.4
3vtr,2.5
4hwo,1.91
4ca8,1.99
4hzm,1.45
4k77,2.4
4lch,1.6
4hy1,1.9
4bs0,1.09
4hdf,1.29
4m2r,1.99
4hdp,1.22
4kzu,2.1
4h42,2.01
4k5p,1.85
3znr,2.4
4m2v,1.72
3zns,2.45
4bao,1.87
3zpu,1.8
4iie,2
4ca7,1.82
4lvt,2.05
3zdh,2.2
4bck,2.05
4ij1,1.79
3zps,1.55
4f2w,2
4j46,1.42
4jfs,2
4jsz,1.9
4eor,2.2
4jss,1.5
4iwz,1.6
4m2w,1.66
4lxd,1.9
4lko,2.43
3w37,1.7
4iif,2.45
4gkm,1.67
4elg,2.1
4bqs,2.15
4n9a,1.9
4iva,1.5
4f3k,1.85
3zbx,2.2
4hym,1.9
4lrr,2.41
4isi,1.94
4ks4,2.5
3zc5,2.2
4kx8,2.4
4kxb,2.4
3zdg,2.48
4elh,2.1
4hdb,1.49
4i8z,1.75
4m2u,2
4elf,2.3
4qyy,1.65
4mo4,1.67
4w97,1.6
4cg8,1.75
4w9h,2.1
4o0a,1.2
4qnb,2
4w9k,2.1
4m13,1.85
4m14,1.55
4q3t,2.14
4m0y,1.7
4q3u,2.5
4d3h,2
4nbl,1.76
3wha,1.3
4qac,2.1
4cga,1.74
4lj5,2.4
4n7u,1.46
4r4i,1.4
4r4t,1.28
4w9j,2.2
4np3,1.61
4oag,2
4pow,1.55
4cg9,1.83
4q6e,1.12
3w9r,1.9
4pfu,2.05
4m7j,1.95
4kxn,1.9
4qxr,2.37
4m12,2.15
4p3h,1.45
4w9i,2.4
4mrg,1.69
4csd,1.35
4rdn,2.1
4u0f,2.22
4cfl,1.32
4ouj,1.46
4wk1,1.98
4qdk,1.7
4lj8,2.1
4r4o,1.33
4rqk,1.55
4mn3,1.54
4q9o,2.2
4ndu,1.3
4qxq,2.42
4w9d,2.2
4ibc,1.75
4ibg,1.41
4nj9,1.95
4qsu,1.9
4qsv,1.9
4o2c,1.8
4poh,2.3
4rpn,2.27
4q4s,1.25
4phu,2.33
4u4s,1.9
4n9c,1.75
4q0k,1.34
4nl1,2.3
4rvr,1.98
4nbk,1.94
4m8e,2.4
4l9i,2.32
4pnu,1.9
4kif,2.5
4uof,2.1
4ovh,2.25
4k7i,2.25
4mmm,1.47
4pp3,2
4q4q,1.41
4ogj,1.65
4qem,1.2
4lzs,2.2
4pb2,2.3
4lov,1.5
4muv,1.25
4tu4,1.73
4uoh,2.01
4pum,1.93
4pp5,2
4mmp,1.57
4pzv,1.7
4ncn,1.87
4c52,2.05
4pft,1.75
4up5,1.65
4qf7,1.48
4o3f,2.11
4ll3,1.95
4qij,2.2
4r4c,1.4
4mgd,1.9
4tpw,1.5
4tte,1.8
4lzr,1.85
4ibd,1.84
4cig,1.7
4v27,1.9
4w9c,2.2
4rpo,1.95
4oeu,2.2
4qev,1.8
4tt2,2.5
4lyw,1.95
4mpn,1.75
4psb,1.42
4ocq,1.88
4c1y,2.23
4cjq,1.7
4m8h,2.2
4uyf,1.6
4ck3,1.79
4cu7,2.2
4ibb,1.75
4lbu,1.17
4nvp,2.5
4pmm,2
4og3,2.01
4leq,1.41
4uac,1.6
4myd,1.37
4qer,1.2
4qxo,1.88
4pf5,2.04
4n6g,2.14
4pox,2.29
4tun,1.93
4trc,2.4
4qf8,1.65
4k7n,2.3
4q4o,1.35
4tz2,1.7
4ibf,2.29
4q4r,1.45
4qgd,1.8
4wt2,1.42
4cc5,1.88
4p5z,2
3wgg,2.1
4pp0,1.57
4je7,2.1
4qpl,1.9
4c5d,2.3
4us3,2.1
4q4p,1.54
4q6d,1.12
4cj4,1.8
4mnp,2.5
4ibj,1.54
4cjp,2
4d1j,1.8
4c9x,1.2
4u43,2.18
4nyf,1.9
4m3p,1.9
4ozj,1.45
4pin,1.9
4np2,1.75
4non,2.5
4ibk,1.85
4k7o,1.98
4o61,1.9
4ua8,1.54
4wiv,1.56
4nnr,1.98
3wqm,2.1
4mre,1.58
4m0z,2
4nja,2.2
4je8,2.4
4o9w,1.69
4buq,2.2
4pop,2.2
4v01,2.33
4ibe,1.95
4ibi,1.47
4whs,1.35
4cjr,1.8
4qew,1.7
4cs9,2.01
4poj,2
4w9l,2.2
4uye,1.65
4u4x,1.56
4ql1,1.5
4og4,1.45
4oct,2.28
4rqv,1.5
4l2l,1.65
4cwr,2
4cws,2.3
4ngm,1.84
4jyt,2
4jzi,2
4m8x,2.05
4kz4,1.42
4cwq,2
4m8y,2.22
4mhz,1.95
4nue,1.3
4qy3,1.5
4cwp,1.95
4cwt,1.9
3zj6,2.4
4mc6,1.31
4cd0,2.23
4jz1,1.9
3wmc,2.1
4mhy,1.38
4mc9,1.19
4ty7,2.09
4lhm,1.52
4qge,2
4o04,1.82
4clj,1.66
4p6w,1.95
4cmo,1.83
4kz6,1.68
4l19,1.66
4r5t,1.98
4nuc,1.4
4r3w,1.91
4kwg,2.1
4msc,2.47
4kzb,1.37
4p5d,2.11
4nwc,2.01
4kz3,1.67
4m6u,1.8
4o2b,2.3
4ngp,1.63
4owm,1.99
4o9v,1.9
4r59,1.65
4cd1,2
4lm3,1.49
4qgi,1.9
4llx,1.75
3wq5,1.8
4kiu,2.4
4mc1,1.39
4pcs,1.77
4r76,2.5
4rak,2.04
4ciw,2.2
4ih3,2.49
4keq,2.28
4kwf,2.31
4omc,2.3
4nze,1.98
4w9p,1.5
4llp,1.75
4rj8,2.5
4w9o,1.27
4r5b,1.5
4jxs,1.9
4cd5,1.1
4c2v,1.49
4bf1,1.35
4o3c,1.5
4cwn,1.8
4cpz,2.2
4ovg,1.9
4cpt,1.7
4o09,1.96
4q93,2.1
4g95,1.35
4oc1,1.75
4p58,2.06
4cd4,1.2
3wq6,1.8
4ngn,1.64
4r5a,1.64
4kz7,1.43
4uma,1.76
4mrz,1.58
4ty6,1.85
4cpw,1.7
4oc0,1.85
4cwf,2
4cu8,2.5
4kwo,1.32
4cpr,1.8
4umc,2.34
4o05,1.79
4ou3,1.95
4llj,1.56
4n8q,2.08
4nh8,1.65
4o97,2.2
4v24,1.8
4bf6,1.82
4pee,1.95
4na9,2.24
4o07,1.86
4lkq,1.62
4owv,1.9
4cpy,1.8
4nh7,2
4ual,1.71
4oc3,1.79
4oc2,1.65
4cps,1.55
4u8w,1.3
4msa,1.62
4mrw,1.96
4itp,1.7
4lm0,1.66
4oak,2
4lm1,1.6
4o0b,1.93
4cwo,2.31
4m0r,1.96
4mc2,1.56
4o0y,2.2
4o0x,2.48
4cp7,1.8
4ovf,2.05
4bzs,2.1
4loy,1.77
4q19,2.09
4oc5,1.7
4lm4,1.48
4p6x,2.5
4lm2,1.55
4msn,2.3
4llk,1.55
4umb,2.17
4wr7,1.5
5bs4,1.29
4xtx,2.3
4ww6,1.06
4ww8,1.42
4zzz,1.9
3wtn,2.09
3wtl,2.3
3wtm,2.48
3wzn,1.3
3wto,2.25
4zzx,1.65
4xtz,1.9
4wup,1.75
4rd0,1.71
4zzd,2.35
3wtj,2.24
4xu3,2.24
5cp9,1.9
4xu1,1.7
4rd3,1.69
4zhl,2.06
4ymh,1.88
4zeb,1.89
4zvi,2.2
4rd6,1.94
4zb6,1.8
4xtv,1.45
4xu2,1.85
4xty,1.8
4xu0,1.6
4tqn,1.7
3x00,1.3
4tkj,0.87
4xtw,2.3
4zb8,2
4tjz,0.87
4rr6,1.88
4ra1,1.75
4d4d,1.4
5ct2,2
4y5d,1.2
4zei,2.3
4cst,1.1
4yc9,1.82
4zec,2.15
4ymq,2
4ysl,1.46
5cbr,2
4tkh,0.93
3wvm,0.88
4czs,1.73
5boj,1.75
5aba,1.62
4xxh,2.4
4y2q,2.4
4qtl,1.8
5e1s,2.26
4rlw,2.2
4rra,1.7
4zl4,2.37
4xya,2.05
5efc,1.9
5d1r,2
4x5r,1.65
4rlu,2.2
4rrg,1.93
4qpd,2.1
4q46,1.8
4pg9,2.4
4qjw,1.55
4wop,2.39
4x50,2
4w52,1.5
4pge,2
5am6,1.96
5alb,2.16
4crl,2.4
4u0w,2
4x5q,1.12
4zek,2.09
4zyf,1.8
5e8f,2.1
4tkb,0.86
4qjp,1.62
4zzy,2.2
5afv,2.25
5a81,2.03
4ymg,1.9
5a5q,1.97
5aoj,1.47
4x5z,1.86
5dqe,2.18
4rrf,1.7
4r73,1.6
4ynl,2.1
4x8o,2.1
4x3k,1.45
5a7b,1.4
4yrd,2.44
5btx,2.1
5cqu,2.35
4rwj,2.49
4zj6,1.55
4zba,1.5
4urz,2.24
4u5n,2.31
4qb3,0.94
4css,1.07
4u5o,2
5cbs,1.8
4u5s,2.12
5c3p,2.1
4zji,1.99
5azf,1.6
4xy8,1.7
4wn5,1.15
4cl6,2.41
5d21,1.9
4or6,2.29
4omk,1.75
4qjo,1.8
4z93,1.27
4xmb,2.43
4cp5,2.32
5aol,1.5
4qj0,1.55
4ucc,2.05
4z6i,1.95
4omj,1.6
4y59,1.22
4q08,1.07
4qiy,1.3
4zme,1.98
4qjx,1.95
4qfo,2.3
4r0a,1.9
4r75,1.28
4qfp,1.9
4unp,2.3
4pyy,1.75
4ury,2.47
4x5p,1
5acy,2.01
4q09,1.2
4qjm,1.75
5aut,1.7
5ahw,2.15
4z6h,1.8
5am7,1.96
4x11,2.3
5cs3,2.5
4qiz,1.55
4qfl,1.75
4xt2,1.7
4pyx,1.8
5dq8,2.31
5c5t,1.6
4zow,2.45
4qfn,2.3
4ymx,1.48
4oiv,1.7
4u54,2.41
5a2i,1.88
5cc2,2.5
4xmr,1.3
4r74,1.93
4x5y,1.59
4qp2,2.23
5aoi,1.78
5bry,1.34
4crc,1.6
4yth,2.04
5dgu,1.22
4zj4,1.5
5dgw,1.62
4zhm,1.9
4ytc,2.16
4crb,1.85
4yo8,2.1
5ceq,1.91
4ynb,2
5bwc,2.45
4cra,1.8
4yik,1.48
5cep,1.99
4zo5,2.5
4wkn,2
4o2p,2.1
4zip,1.11
5cjf,1.83
4wkp,1.58
4pv5,2.3
4qhc,1.9
4zbi,2.5
4wko,1.9
4qll,1.85
4q99,1.5
4qlk,1.83
4crf,2.3
4ymb,1.93
4wrb,1.81
4s1g,2.1
5aml,1.36
5dit,2.25
3wz6,1.4
5cas,2.1
4x6n,2.1
3wz8,1.45
5cau,2.25
5e2p,2.11
4rhx,2.03
4ykk,1.38
4yhq,1.3
3wz7,1.9
4x6o,2.1
4re2,2
4riv,1.63
4twp,2.4
4p6c,1.86
5fl4,1.82
4xar,2.26
4x6i,1.87
4zx0,1.6
4rn4,1.53
4xir,1.7
4y79,2.1
4ruy,1.14
4rux,1.14
4x8v,2.5
4ufk,2.4
4re4,2.29
4q87,1.55
4z84,1.55
4x24,1.5
5c1m,2.1
4z2b,1.8
5cbm,2.3
4ufm,2.4
5e2o,2.08
4q9y,1.55
5c28,1.56
4ufl,2.4
4qd6,2.45
5egm,1.84
5caq,2.5
5amd,1.5
4ygf,2
4yha,2.2
4ruz,1.63
4q7w,1.45
4q8y,1.45
4xip,1.7
4xas,2.35
4q7v,1.6
4q8x,1.55
5c8n,2.4
4zwz,1.62
4zwx,1.7
4q1w,1.85
4x8u,2.1
4zae,1.86
4y8x,1.9
4u6z,1.8
5byi,1.15
4qf9,2.28
4ykj,1.4
4wa9,2.2
4ufh,2.16
4q7s,1.8
4ye3,1.35
4yml,1.75
4z1k,1.35
5c2a,2
4u1b,1.89
4z83,1.8
5fl6,1.95
4q1y,1.5
4q7p,1.65
4y0a,1.91
4ryd,2.15
4rfc,1.65
4z1e,2.01
4x6m,2.4
4riu,1.65
5cap,2.4
4ufj,2.2
4u69,1.6
4xit,1.86
4x6p,1.93
5amg,1.55
4u71,1.8
5fl5,2.05
4u73,1.8
4z0q,1.45
4u6w,1.83
4ufi,2.4
4q83,1.55
5dwr,2
4q90,1.54
4qrh,1.65
4z1j,1.27
4cr5,2
4xaq,2.21
4zx1,1.5
4wov,1.8
4yc0,1.5
4xe1,1.8
4q1x,1.9
5c2h,2.09
5c1w,1.7
4rfd,1.63
4cr9,1.7
5e2r,1.6
4xiq,1.84
4u70,1.6
4yes,1.5
4u6c,1.91
4rfm,2.1
4q81,1.55
4yzu,1.41
